{
    "apps": [
             {
             "image": "https://files.hollr2099.net/icons/123movies.png",
             "name": "123 Movies",
             "category": "Movies On iOS",
             "ipa": "https://files.hollr2099.net/ipas/123%20Movies.ipa"
             },
             {
             "image": "https://files.hollr2099.net/imgold/2600.png",
             "name": "2600.emu",
             "category": "2600 Emulator",
             "ipa": "https://files.hollr2099.net/ipas/2600.emu.ipa"
             },
             {
             "image": "https://files.hollr2099.net/imgold/aerotv.png",
             "name": "AeroTV",
             "category": "Live TV On iOS",
             "ipa": "https://files.hollr2099.net/ipas/AeroTV.ipa"
             },
             {
             "image": "https://files.hollr2099.net/imgold/airfloat.png",
             "name": "AirFloat",
             "category": "iOS AirPlay Modifier",
             "ipa": "https://files.hollr2099.net/ipas/AirFloat.ipa"
             },
             {
             "image": "https://files.hollr2099.net/imgold/airrec.png",
             "name": "AirRec",
             "category": "iOS Screen Recorder",
             "ipa": "https://files.hollr2099.net/ipas/AirRec.ipa"
             },
             {
             "image": "https://files.hollr2099.net/imgold/airshou.png",
             "name": "AirShou",
             "category": "iOS Game Streamer",
             "ipa": "https://files.hollr2099.net/ipas/AirShou.ipa"
             },
             {
             "image": "https://files.hollr2099.net/imgold/audiotube.png",
             "name": "AudioTube",
             "category": "Music On iOS",
             "ipa": "https://files.hollr2099.net/ipas/AudioTube.ipa"
             },
             {
             "image": "https://files.hollr2099.net/imgold/barmagnet.png",
             "name": "BarMagnet",
             "category": "Torrents On iOS",
             "ipa": "https://files.hollr2099.net/ipas/BarMagnet.ipa"
             },
             {
             "image": "https://files.hollr2099.net/imgold/batterylife.png",
             "name": "BatteryLife",
             "category": "iOS Battery Helper",
             "ipa": "https://files.hollr2099.net/ipas/BatteryLife.ipa"
             },
             {
             "image": "https://files.hollr2099.net/imgold/bbrec.png",
             "name": "BB Rec",
             "category": "iOS Screen Recorder",
             "ipa": "https://files.hollr2099.net/ipas/BB%20Rec.ipa"
             },
             {
             "image": "https://files.hollr2099.net/imgold/betternet.png",
             "name": "Betternet++",
             "category": "Free Premium Betternet",
             "ipa": "https://files.hollr2099.net/ipas/Betternet%2B%2B.ipa"
             },
             {
             "image": "https://files.hollr2099.net/imgold/bobbymovie.png",
             "name": "Bobby Movie",
             "category": "Movies On iOS",
             "ipa": "https://files.hollr2099.net/ipas/Bobby%20Movie.ipa"
             },
             {
             "image": "https://files.hollr2099.net/imgold/bobbymovie.png",
             "name": "Bobby Movie++",
             "category": "No Ads On BobbyMovie",
             "ipa": "https://files.hollr2099.net/ipas/Bobby%20Movie%2B%2B.ipa"
             },
             {
             "image": "https://files.hollr2099.net/imgold/bobbymusic.png",
             "name": "BobbyMusic",
             "category": "Music On iOS",
             "ipa": "https://files.hollr2099.net/ipas/BobbyMusic.ipa"
             },
             {
             "image": "https://files.hollr2099.net/imgold/bobbymusic.png",
             "name": "BobbyMusic++",
             "category": "No Ads On BobbyMusic",
             "ipa": "https://files.hollr2099.net/ipas/BobbyMusic%2B%2B.ipa"
             },
             {
             "image": "https://files.hollr2099.net/imgold/c64.png",
             "name": "C64.emu",
             "category": "C64 Emulator",
             "ipa": "https://files.hollr2099.net/ipas/C64.emu.ipa"
             },
             {
             "image": "https://files.hollr2099.net/imgold/cartoonhd.png",
             "name": "Cartoon HD",
             "category": "Cartoons On iOS",
             "ipa": "https://files.hollr2099.net/ipas/Cartoon%20HD.ipa"
             },
             {
             "image": "https://files.hollr2099.net/imgold/cartoonhd.png",
             "name": "Cartoon HD++",
             "category": "No Ads On CartoonHD",
             "ipa": "https://files.hollr2099.net/ipas/Cartoon%20HD%2B%2B.ipa"
             },
             {
             "image": "https://files.hollr2099.net/imgold/youtube.png",
             "name": "Cercube 3",
             "category": "Modified YouTube",
             "ipa": "https://files.hollr2099.net/ipas/Cercube%203%20For%20YouTube.ipa"
             },
             {
             "image": "https://files.hollr2099.net/imgold/youtube.png",
             "name": "Cercube 3++",
             "category": "No Ads On Cercube 3",
             "ipa": "https://files.hollr2099.net/ipas/Cercube%203%20For%20YouTube%2B%2B.ipa"
             },
             {
             "image": "https://files.hollr2099.net/imgold/youtube.png",
             "name": "Cercube 4",
             "category": "Modified YouTube",
             "ipa": "https://files.hollr2099.net/ipas/Cercube%204%20For%20YouTube.ipa"
             },
             {
             "image": "https://files.hollr2099.net/imgold/youtube.png",
             "name": "Cercube 4++",
             "category": "No Ads On Cercube 4",
             "ipa": "https://files.hollr2099.net/ipas/Cercube%204%20For%20YouTube%2B%2B.ipa"
             },
             {
             "image": "https://files.hollr2099.net/imgold/channels.png",
             "name": "Channels",
             "category": "TV On iOS",
             "ipa": "https://files.hollr2099.net/ipas/Channels.ipa"
             },
             {
             "image": "https://files.hollr2099.net/imgold/clash.png",
             "name": "Clash of Kings++",
             "category": "Modified Clash of Kings",
             "ipa": "https://files.hollr2099.net/ipas/Clash%20of%20Kings%2B%2B.ipa"
             },
             {
             "image": "https://files.hollr2099.net/imgold/clans.png",
             "name": "Clash of Phoenix",
             "category": "Unlimited Clash of Clans",
             "ipa": "https://files.hollr2099.net/ipas/Clash%20of%20Phoenix.ipa"
             },
             {
             "image": "https://files.hollr2099.net/imgold/classicplayer.png",
             "name": "ClassicPlayer",
             "category": "Classic Music Player",
             "ipa": "https://files.hollr2099.net/ipas/ClassicPlayer.ipa"
             },
             {
             "image": "https://files.hollr2099.net/imgold/roll.png",
             "name": "Crunchyroll++",
             "category": "Free Premium (No Crown Videos)",
             "ipa": "https://files.hollr2099.net/ipas/Crunchyroll%2B%2B.ipa"
             },
             {
             "image": "https://files.hollr2099.net/imgold/deezer.png",
             "name": "Deezer++",
             "category": "Free Premium Deezer",
             "ipa": "https://files.hollr2099.net/ipas/Deezer%2B%2B.ipa"
             },
             {
             "image": "https://files.hollr2099.net/imgold/delta.png",
             "name": "Delta",
             "category": "Multi-System Emulator",
             "ipa": "https://files.hollr2099.net/ipas/Delta.ipa"
             },
             {
             "image": "https://files.hollr2099.net/imgold/dnsoverride.png",
             "name": "DNS Override++",
             "category": "All Features Unlocked",
             "ipa": "https://files.hollr2099.net/ipas/DNS%20Override%2B%2B.ipa"
             },
             {
             "image": "https://files.hollr2099.net/imgold/soundcloud.png",
             "name": "DownCloud",
             "category": "Download Songs From SoundCloud",
             "ipa": "https://files.hollr2099.net/ipas/DownCloud.ipa"
             },
             {
             "image": "https://files.hollr2099.net/imgold/soundcloud.png",
             "name": "DownCloud++",
             "category": "Modified DownCloud",
             "ipa": "https://files.hollr2099.net/ipas/DownCloud%2B%2B.ipa"
             },
             {
             "image": "https://files.hollr2099.net/imgold/everycord.png",
             "name": "EveryCord",
             "category": "iOS Screen Recorder",
             "ipa": "https://files.hollr2099.net/ipas/EveryCord.ipa"
             },
             {
             "image": "https://files.hollr2099.net/imgold/facebook.png",
             "name": "Facebook++",
             "category": "Modified Facebook",
             "ipa": "https://files.hollr2099.net/ipas/Facebook%2B%2B.ipa"
             },
             {
             "image": "https://files.hollr2099.net/imgold/filebrowser.png",
             "name": "FileBrowser",
             "category": "iOS File Viewer",
             "ipa": "https://files.hollr2099.net/ipas/FileBrowser.ipa"
             },
             {
             "image": "https://files.hollr2099.net/imgold/fily.png",
             "name": "Fily",
             "category": "iOS File Viewer",
             "ipa": "https://files.hollr2099.net/ipas/Fily.ipa"
             },
             {
             "image": "https://files.hollr2099.net/imgold/filza.png",
             "name": "FilzaJailed",
             "category": "iOS File Viewer",
             "ipa": "https://files.hollr2099.net/ipas/FilzaJailed.ipa"
             },
             {
             "image": "https://files.hollr2099.net/imgold/firebirdemu.png",
             "name": "FireBird Emu",
             "category": "Emulator",
             "ipa": "https://files.hollr2099.net/ipas/Firebird%20Emu%2032bit.ipa"
             },
             {
             "image": "https://files.hollr2099.net/imgold/firebirdemu.png",
             "name": "FireBird Emu (64bit)",
             "category": "Emulator",
             "ipa": "https://files.hollr2099.net/ipas/Firebird%20Emu%2064bit.ipa"
             },
             {
             "image": "https://files.hollr2099.net/imgold/flappybird.png",
             "name": "FlappyBird",
             "category": "Fly Through Pipes",
             "ipa": "https://files.hollr2099.net/ipas/FlappyBird.ipa"
             },
             {
             "image": "https://files.hollr2099.net/imgold/flickjoy.png",
             "name": "FlickJoy",
             "category": "Movies On iOS",
             "ipa": "https://files.hollr2099.net/ipas/FlickJoy.ipa"
             },
             {
             "image": "https://files.hollr2099.net/imgold/floppycloud.png",
             "name": "FloppyCloud",
             "category": "iOS File Viewer",
             "ipa": "https://files.hollr2099.net/ipas/FloppyCloud.ipa"
             },
             {
             "image": "https://files.hollr2099.net/imgold/fortune.png",
             "name": "Fortune",
             "category": "Client For 4Chan",
             "ipa": "https://files.hollr2099.net/ipas/Fortune.ipa"
             },
             {
             "image": "https://files.hollr2099.net/imgold/gamepad.png",
             "name": "GamePad",
             "category": "Multi-System Emulator",
             "ipa": "https://files.hollr2099.net/ipas/GamePad.ipa"
             },
             {
             "image": "https://files.hollr2099.net/imgold/gbaemu.png",
             "name": "GBA.emu",
             "category": "GBA Emulator",
             "ipa": "https://files.hollr2099.net/ipas/GBA.emu.ipa"
             },
             {
             "image": "https://files.hollr2099.net/imgold/gba4ios.png",
             "name": "GBA4iOS",
             "category": "GBA Emulator",
             "ipa": "https://files.hollr2099.net/ipas/GBA4iOS.ipa"
             },
             {
             "image": "https://files.hollr2099.net/imgold/gba4ios.png",
             "name": "GBA4iOS11",
             "category": "GBA Emulator",
             "ipa": "https://files.hollr2099.net/ipas/GBA4iOS11.ipa"
             },
             {
             "image": "https://files.hollr2099.net/imgold/gbcemu.png",
             "name": "GBC.emu",
             "category": "GBC Emulator",
             "ipa": "https://files.hollr2099.net/ipas/GBC.emu.ipa"
             },
             {
             "image": "https://files.hollr2099.net/imgold/gc4ios.png",
             "name": "GC4iOS",
             "category": "GameCube Emulator",
             "ipa": "https://files.hollr2099.net/ipas/GC4iOS.ipa"
             },
             {
             "image": "https://files.hollr2099.net/imgold/gearboy.png",
             "name": "Gearboy",
             "category": "Gameboy Emulator",
             "ipa": "https://files.hollr2099.net/ipas/Gearboy.ipa"
             },
             {
             "image": "https://files.hollr2099.net/imgold/gearsystem.png",
             "name": "Gearsystem",
             "category": "Sega Emulator",
             "ipa": "https://files.hollr2099.net/ipas/Gearsystem.ipa"
             },
             {
             "image": "https://files.hollr2099.net/imgold/goodnight.png",
             "name": "GoodNight",
             "category": "iOS Screen Brightness Helper",
             "ipa": "https://files.hollr2099.net/ipas/GoodNight.ipa"
             },
             {
             "image": "https://files.hollr2099.net/imgold/gpsphone.png",
             "name": "gpSPhone",
             "category": "GBA Emulator",
             "ipa": "https://files.hollr2099.net/ipas/gpSPhone.ipa"
             },
             {
             "image": "https://files.hollr2099.net/imgold/gridlee.png",
             "name": "Gridlee",
             "category": "Arcade Game",
             "ipa": "https://files.hollr2099.net/ipas/Gridlee.ipa"
             },
             {
             "image": "https://files.hollr2099.net/imgold/handjoy.png",
             "name": "HandJoy",
             "category": "Multi-System Emulator",
             "ipa": "https://files.hollr2099.net/ipas/HandJoy.ipa"
             },
             {
             "image": "https://files.hollr2099.net/imgold/handjoy.png",
             "name": "HandJoy++",
             "category": "Bypass Login And Controller",
             "ipa": "https://files.hollr2099.net/ipas/HandJoy%2B%2B.ipa"
             },
             {
             "image": "https://files.hollr2099.net/imgold/happychick.png",
             "name": "Happy Chick",
             "category": "Multi-System Emulator",
             "ipa": "https://files.hollr2099.net/ipas/Happy%20Chick%2032bit.ipa"
             },
             {
             "image": "https://files.hollr2099.net/imgold/happychick.png",
             "name": "Happy Chick (64bit)",
             "category": "Multi-System Emulator",
             "ipa": "https://files.hollr2099.net/ipas/Happy%20Chick%2064bit.ipa"
             },
             {
             "image": "https://files.hollr2099.net/imgold/happycast.png",
             "name": "HappyCast",
             "category": "iOS Screen Recorder",
             "ipa": "https://files.hollr2099.net/ipas/HappyCast.ipa"
             },
             {
             "image": "https://files.hollr2099.net/icons/hexatech.png",
             "name": "HexaTech++",
             "category": "Free Premium Vpn",
             "ipa": "https://files.hollr2099.net/ipas/HexaTech%2B%2B.ipa"
             },
             {
             "image": "https://files.hollr2099.net/imgold/himusic.png",
             "name": "hiMusic",
             "category": "Music On iOS",
             "ipa": "https://files.hollr2099.net/ipas/hiMusic.ipa"
             },
             {
             "image": "https://files.hollr2099.net/imgold/himusic.png",
             "name": "hiMusic++",
             "category": "No Ads On hiMusic",
             "ipa": "https://files.hollr2099.net/ipas/hiMusic%2B%2B.ipa"
             },
             {
             "image": "https://files.hollr2099.net/icons/hotspotshield.png",
             "name": "Hotspot Shield++",
             "category": "Free Premium Hotspot Shield",
             "ipa": "https://files.hollr2099.net/ipas/Hotspot%20Shield%2B%2B.ipa"
             },
             {
             "image": "https://files.hollr2099.net/imgold/ibox.png",
             "name": "iBox",
             "category": "Windows XP On iOS",
             "ipa": "https://files.hollr2099.net/ipas/iBox.ipa"
             },
             {
             "image": "https://files.hollr2099.net/imgold/icleaner.png",
             "name": "iCleaner",
             "category": "Cleanup Your iDevice",
             "ipa": "https://files.hollr2099.net/ipas/iCleaner.ipa"
             },
             {
             "image": "https://files.hollr2099.net/imgold/idevice.png",
             "name": "iDeviceWalls",
             "category": "iOS WallPapers App",
             "ipa": "https://files.hollr2099.net/ipas/iDeviceWalls.ipa"
             },
             {
             "image": "https://files.hollr2099.net/imgold/idos.png",
             "name": "iDos",
             "category": "Dos Emulator",
             "ipa": "https://files.hollr2099.net/ipas/iDos.ipa"
             },
             {
             "image": "https://files.hollr2099.net/imgold/idos2.png",
             "name": "iDos 2",
             "category": "Dos Emulator",
             "ipa": "https://files.hollr2099.net/ipas/iDos%202.ipa"
             },
             {
             "image": "https://files.hollr2099.net/imgold/ifba.png",
             "name": "iFBA",
             "category": "Multi-Arcade Emulator",
             "ipa": "https://files.hollr2099.net/ipas/iFBA.ipa"
             },
             {
             "image": "https://files.hollr2099.net/imgold/ifile.png",
             "name": "iFile",
             "category": "iOS File Manager",
             "ipa": "https://files.hollr2099.net/ipas/iFile.ipa"
             },
             {
             "image": "https://files.hollr2099.net/imgold/ifoneos.png",
             "name": "iFoneOS",
             "category": "iOS Simulator",
             "ipa": "https://files.hollr2099.net/ipas/iFoneOS.ipa"
             },
             {
             "image": "https://files.hollr2099.net/imgold/inds.png",
             "name": "iNDS",
             "category": "NDS Emulator",
             "ipa": "https://files.hollr2099.net/ipas/iNDS.ipa"
             },
             {
             "image": "https://files.hollr2099.net/imgold/instagram.png",
             "name": "IG IGExperiments",
             "category": "Modified Instagram",
             "ipa": "https://files.hollr2099.net/ipas/Instagram%20IGExperiments.ipa"
             },
             {
             "image": "https://files.hollr2099.net/imgold/instagram.png",
             "name": "Instagram Rocket",
             "category": "Modified Instagram",
             "ipa": "https://files.hollr2099.net/ipas/Instagram%20Rocket.ipa"
             },
             {
             "image": "https://files.hollr2099.net/imgold/instagram.png",
             "name": "Instagram++",
             "category": "Modified Instagram",
             "ipa": "https://files.hollr2099.net/ipas/Instagram%2B%2B.ipa"
             },
             {
             "image": "https://files.hollr2099.net/icons/iplaytv.png",
             "name": "iPlayTV",
             "category": "TV For iOS",
             "ipa": "https://files.hollr2099.net/ipas/iPlayTV.ipa"
             },
             {
             "image": "https://files.hollr2099.net/icons/iplaytv.png",
             "name": "iPlayTV++",
             "category": "No Ads On iPlayTV",
             "ipa": "https://files.hollr2099.net/ipas/iPlayTV%2B%2B.ipa"
             },
             {
             "image": "https://files.hollr2099.net/imgold/irec.png",
             "name": "iRec",
             "category": "iOS Screen Recorder",
             "ipa": "https://files.hollr2099.net/ipas/iRec.ipa"
             },
             {
             "image": "https://files.hollr2099.net/imgold/issb.png",
             "name": "iSSB",
             "category": "Super Smash Bros On iOS",
             "ipa": "https://files.hollr2099.net/ipas/iSSB.ipa"
             },
             {
             "image": "https://files.hollr2099.net/imgold/itransmission.png",
             "name": "iTransmission",
             "category": "Torrents On iOS",
             "ipa": "https://files.hollr2099.net/ipas/iTransmission.ipa"
             },
             {
             "image": "https://files.hollr2099.net/imgold/tweetdeck.png",
             "name": "iTweetDeck",
             "category": "TweetDeck For iOS",
             "ipa": "https://files.hollr2099.net/ipas/iTweetDeck.ipa"
             },
             {
             "image": "https://files.hollr2099.net/imgold/jarvis.png",
             "name": "Kodi Jarvis",
             "category": "Gpl Media Player",
             "ipa": "https://files.hollr2099.net/ipas/Kodi%20Jarvis.ipa"
             },
             {
             "image": "https://files.hollr2099.net/imgold/krypton.png",
             "name": "Kodi Krypton (32bit)",
             "category": "Gpl Media Player",
             "ipa": "https://files.hollr2099.net/ipas/Kodi%20Krypton%2032bit.ipa"
             },
             {
             "image": "https://files.hollr2099.net/imgold/krypton.png",
             "name": "Kodi Krypton (64bit)",
             "category": "Gpl Media Player",
             "ipa": "https://files.hollr2099.net/ipas/Kodi%20Krypton%2064bit.ipa"
             },
             {
             "image": "https://files.hollr2099.net/imgold/legacy.png",
             "name": "Kodi Legacy",
             "category": "Gpl Media Player",
             "ipa": "https://files.hollr2099.net/ipas/Kodi%20Legacy.ipa"
             },
             {
             "image": "https://files.hollr2099.net/imgold/krypton.png",
             "name": "Kodi Leia (32bit)",
             "category": "Gpl Media Player",
             "ipa": "https://files.hollr2099.net/ipas/Kodi%20Leia%2032bit.ipa"
             },
             {
             "image": "https://files.hollr2099.net/imgold/krypton.png",
             "name": "Kodi Leia (64bit)",
             "category": "Gpl Media Player",
             "ipa": "https://files.hollr2099.net/ipas/Kodi%20Leia%2064bit.ipa"
             },
             {
             "image": "https://files.hollr2099.net/imgold/livewire.png",
             "name": "Live Wire",
             "category": "Live TV For iOS",
             "ipa": "https://files.hollr2099.net/ipas/Live%20Wire.ipa"
             },
             {
             "image": "https://files.hollr2099.net/imgold/magnetometer.png",
             "name": "Magnetometer",
             "category": "Magnetism On iOS",
             "ipa": "https://files.hollr2099.net/ipas/Magnetometer.ipa"
             },
             {
             "image": "https://files.hollr2099.net/imgold/mame4ios.png",
             "name": "MAME4iOS (32bit)",
             "category": "Arcade Games Emulator",
             "ipa": "https://files.hollr2099.net/ipas/MAME4iOS%2032bit.ipa"
             },
             {
             "image": "https://files.hollr2099.net/imgold/mame4ios.png",
             "name": "MAME4iOS (64bit)",
             "category": "Arcade Games Emulator",
             "ipa": "https://files.hollr2099.net/ipas/MAME4iOS%2064bit.ipa"
             },
             {
             "image": "https://files.hollr2099.net/imgold/mdemu.png",
             "name": "MD.emu",
             "category": "MD Emulator",
             "ipa": "https://files.hollr2099.net/ipas/MD.emu.ipa"
             },
             {
             "image": "https://files.hollr2099.net/imgold/memorado.png",
             "name": "Memorado++",
             "category": "Free Premium Memorado",
             "ipa": "https://files.hollr2099.net/ipas/Memorado%2B%2B.ipa"
             },
             {
             "image": "https://files.hollr2099.net/imgold/mesnemu.png",
             "name": "MeSNEmu",
             "category": "Snes Emulator",
             "ipa": "https://files.hollr2099.net/ipas/MeSNEmu.ipa"
             },
             {
             "image": "https://files.hollr2099.net/imgold/mixtape.png",
             "name": "MIXTAPE PLAYER",
             "category": "Luca's Mixtape Player",
             "ipa": "https://files.hollr2099.net/ipas/MIXTAPE%20PLAYER.ipa"
             },
             {
             "image": "https://files.hollr2099.net/imgold/ibox.png",
             "name": "MotionSourceiOS",
             "category": "Cemu Motion Controller",
             "ipa": "https://files.hollr2099.net/ipas/MotionSourceiOS.ipa"
             },
             {
             "image": "https://files.hollr2099.net/imgold/moviebox.png",
             "name": "Movie Box",
             "category": "Movies On iOS",
             "ipa": "https://files.hollr2099.net/ipas/Movie%20Box.ipa"
             },
             {
             "image": "https://files.hollr2099.net/imgold/moviebox.png",
             "name": "Movie Box++",
             "category": "No Ads On Movie Box",
             "ipa": "https://files.hollr2099.net/ipas/Movie%20Box%2B%2B.ipa"
             },
             {
             "image": "https://files.hollr2099.net/imgold/moviehd.png",
             "name": "MovieHD",
             "category": "Movies On iOS",
             "ipa": "https://files.hollr2099.net/ipas/MovieHD.ipa"
             },
             {
             "image": "https://files.hollr2099.net/imgold/msx.png",
             "name": "MSX.emu",
             "category": "MSX Emulator",
             "ipa": "https://files.hollr2099.net/ipas/MSX.emu.ipa"
             },
             {
             "image": "https://files.hollr2099.net/imgold/pocket.png",
             "name": "Music Pocket",
             "category": "Music On iOS",
             "ipa": "https://files.hollr2099.net/ipas/Music%20Pocket.ipa"
             },
             {
             "image": "https://files.hollr2099.net/imgold/musically.jpg",
             "name": "musical.ly++",
             "category": "Modified musical.ly",
             "ipa": "https://files.hollr2099.net/ipas/musical.ly%2B%2B.ipa"
             },
             {
             "image": "https://files.hollr2099.net/imgold/musicjunkie.png",
             "name": "MusicJunkie",
             "category": "Music On iOS",
             "ipa": "https://files.hollr2099.net/ipas/MusicJunkie.ipa"
             },
             {
             "image": "https://files.hollr2099.net/imgold/napster.png",
             "name": "Napster++",
             "category": "Music On iOS",
             "ipa": "https://files.hollr2099.net/ipas/Napster%2B%2B.ipa"
             },
             {
             "image": "https://files.hollr2099.net/imgold/nds4ios.png",
             "name": "nds4ios",
             "category": "NDS Emulator",
             "ipa": "https://files.hollr2099.net/ipas/nds4ios.ipa"
             },
             {
             "image": "https://files.hollr2099.net/imgold/neo.png",
             "name": "NEO.emu",
             "category": "NEO Emulator",
             "ipa": "https://files.hollr2099.net/ipas/NEO.emu.ipa"
             },
             {
             "image": "https://files.hollr2099.net/imgold/nesemu.png",
             "name": "NES.emu",
             "category": "NES Emulator",
             "ipa": "https://files.hollr2099.net/ipas/NES.emu.ipa"
             },
             {
             "image": "https://files.hollr2099.net/imgold/nestopia.png",
             "name": "Nestopia",
             "category": "Nes Emulator",
             "ipa": "https://files.hollr2099.net/ipas/Nestopia.ipa"
             },
             {
             "image": "https://files.hollr2099.net/imgold/npg.png",
             "name": "NPG.emu",
             "category": "Emulator",
             "ipa": "https://files.hollr2099.net/ipas/NPG.emu.ipa"
             },
             {
             "image": "https://files.hollr2099.net/imgold/pce.png",
             "name": "PCE.emu",
             "category": "PCE Emulator",
             "ipa": "https://files.hollr2099.net/ipas/PCE.emu.ipa"
             },
             {
             "image": "https://files.hollr2099.net/imgold/pixlrec.png",
             "name": "PixlRec",
             "category": "iOS Screen Recorder",
             "ipa": "https://files.hollr2099.net/ipas/PixlRec.ipa"
             },
             {
             "image": "https://files.hollr2099.net/imgold/play.png",
             "name": "Play!",
             "category": "PS2 Emulator",
             "ipa": "https://files.hollr2099.net/ipas/Play%21.ipa"
             },
             {
             "image": "https://files.hollr2099.net/imgold/plex.png",
             "name": "Plex++",
             "category": "Free Premium Plex",
             "ipa": "https://files.hollr2099.net/ipas/Plex%2B%2B.ipa"
             },
             {
             "image": "https://files.hollr2099.net/imgold/pokemon.png",
             "name": "PokeGo++",
             "category": "Walk And Teleport In Pokemon Go",
             "ipa": "https://files.hollr2099.net/ipas/PokeGo%2B%2B.ipa"
             },
             {
             "image": "https://files.hollr2099.net/imgold/pokemonidex.png",
             "name": "Pokemonidex",
             "category": "Pokemon Pokedex For iOS",
             "ipa": "https://files.hollr2099.net/ipas/Pokemonidex.ipa"
             },
             {
             "image": "https://files.hollr2099.net/imgold/popcorntime.png",
             "name": "Popcorn Time",
             "category": "Movies On iOS",
             "ipa": "https://files.hollr2099.net/ipas/Popcorn%20Time.ipa"
             },
             {
             "image": "https://files.hollr2099.net/imgold/ppsspp.png",
             "name": "PPSSPP",
             "category": "PSP Emulator",
             "ipa": "https://files.hollr2099.net/ipas/PPSSPP.ipa"
             },
             {
             "image": "https://files.hollr2099.net/imgold/protube.png",
             "name": "ProTube++",
             "category": "Modified ProTube",
             "ipa": "https://files.hollr2099.net/ipas/ProTube%2B%2B.ipa"
             },
             {
             "image": "https://files.hollr2099.net/imgold/provenance.png",
             "name": "Provenance",
             "category": "Multi-System Emulator",
             "ipa": "https://files.hollr2099.net/ipas/Provenance.ipa"
             },
             {
             "image": "https://files.hollr2099.net/imgold/radio.png",
             "name": "Radio Javan++",
             "category": "Music On iOS",
             "ipa": "https://files.hollr2099.net/ipas/Radio%20Javan%2B%2B.ipa"
             },
             {
             "image": "https://files.hollr2099.net/imgold/remotefiles.png",
             "name": "RemoteFiles",
             "category": "iOS File Viewer",
             "ipa": "https://files.hollr2099.net/ipas/RemoteFiles.ipa"
             },
             {
             "image": "https://files.hollr2099.net/imgold/retroarch.png",
             "name": "RetroArch (32bit)",
             "category": "Multi-System Emulator",
             "ipa": "https://files.hollr2099.net/ipas/RetroArch%2032bit.ipa"
             },
             {
             "image": "https://files.hollr2099.net/imgold/retroarch.png",
             "name": "RetroArch (64bit)",
             "category": "Multi-System Emulator",
             "ipa": "https://files.hollr2099.net/ipas/RetroArch%2064bit.ipa"
             },
             {
             "image": "https://files.hollr2099.net/imgold/saavn.png",
             "name": "Saavn++",
             "category": "Free Premium Saavn",
             "ipa": "https://files.hollr2099.net/ipas/Saavn%2B%2B.ipa"
             },
             {
             "image": "https://files.hollr2099.net/imgold/soundcloud.png",
             "name": "SaveCloud",
             "category": "Modified SoundCloud",
             "ipa": "https://files.hollr2099.net/ipas/SaveCloud%20For%20SoundCloud.ipa"
             },
             {
             "image": "https://files.hollr2099.net/imgold/screen.png",
             "name": "Screen Grab",
             "category": "iOS Screen Recorder",
             "ipa": "https://files.hollr2099.net/ipas/Screen%20Grab.ipa"
             },
             {
             "image": "https://files.hollr2099.net/imgold/screen2.png",
             "name": "ScreenGrab",
             "category": "iOS Screen Recorder",
             "ipa": "https://files.hollr2099.net/ipas/ScreenGrab.ipa"
             },
             {
             "image": "https://files.hollr2099.net/imgold/scummvm.png",
             "name": "ScummVM",
             "category": "Classic Games Emulator",
             "ipa": "https://files.hollr2099.net/ipas/ScummVM.ipa"
             },
             {
             "image": "https://files.hollr2099.net/imgold/seatbeat.png",
             "name": "SeatBeat",
             "category": "Music On iOS",
             "ipa": "https://files.hollr2099.net/ipas/SeatBeat.ipa"
             },
             {
             "image": "https://files.hollr2099.net/imgold/sleep.png",
             "name": "Sleep Cycle++",
             "category": "Free Premium Sleep Cycle",
             "ipa": "https://files.hollr2099.net/ipas/Sleep%20Cycle%2B%2B.ipa"
             },
             {
             "image": "https://files.hollr2099.net/imgold/slick.png",
             "name": "Slick TV",
             "category": "TV On iOS",
             "ipa": "https://files.hollr2099.net/ipas/Slick%20TV.ipa"
             },
             {
             "image": "https://files.hollr2099.net/imgold/slick.png",
             "name": "Slick TV++",
             "category": "No Ads On Slick TV",
             "ipa": "https://files.hollr2099.net/ipas/Slick%20TV%2B%2B.ipa"
             },
             {
             "image": "https://files.hollr2099.net/imgold/snapchat.png",
             "name": "Snapchat Phantom Lite",
             "category": "Modified Snapchat",
             "ipa": "https://files.hollr2099.net/ipas/Snapchat%20Phantom%20Lite.ipa"
             },
             {
             "image": "https://files.hollr2099.net/imgold/snapchat.png",
             "name": "Snapchat SCOthman",
             "category": "Modified Snapchat",
             "ipa": "https://files.hollr2099.net/ipas/Snapchat%20SCOthman.ipa"
             },
             {
             "image": "https://files.hollr2099.net/imgold/snapchat.png",
             "name": "Snapchat SCOthman Lite",
             "category": "Modified Snapchat",
             "ipa": "https://files.hollr2099.net/ipas/Snapchat%20SCOthman%20Lite.ipa"
             },
             {
             "image": "https://files.hollr2099.net/imgold/snapchat.png",
             "name": "Snapchat++",
             "category": "Modified Snapchat",
             "ipa": "https://files.hollr2099.net/ipas/Snapchat%2B%2B.ipa"
             },
             {
             "image": "https://files.hollr2099.net/imgold/snes4ios.png",
             "name": "Snes4ios",
             "category": "Snes Emulator",
             "ipa": "https://files.hollr2099.net/ipas/Snes4ios.ipa"
             },
             {
             "image": "https://files.hollr2099.net/imgold/snes9xex.png",
             "name": "Snes9x EX",
             "category": "Snes Emulator",
             "ipa": "https://files.hollr2099.net/ipas/Snes9x%20EX.ipa"
             },
             {
             "image": "https://files.hollr2099.net/imgold/snes9xexplus.png",
             "name": "Snes9x EX+",
             "category": "Snes Emulator",
             "ipa": "https://files.hollr2099.net/ipas/Snes9x%20EX%2B.ipa"
             },
             {
             "image": "https://files.hollr2099.net/imgold/soundcloud.png",
             "name": "SoundCloud++",
             "category": "Modified SoundCloud",
             "ipa": "https://files.hollr2099.net/ipas/SoundCloud%2B%2B.ipa"
             },
             {
             "image": "https://files.hollr2099.net/imgold/spotify.png",
             "name": "Spotify++",
             "category": "Free Premium Spotify",
             "ipa": "https://files.hollr2099.net/ipas/Spotify%2B%2B.ipa"
             },
             {
             "image": "https://files.hollr2099.net/imgold/streamertv.png",
             "name": "StreamerTV",
             "category": "TV On iOS",
             "ipa": "https://files.hollr2099.net/ipas/StreamerTV.ipa"
             },
             {
             "image": "https://files.hollr2099.net/imgold/surge.png",
             "name": "Surge",
             "category": "Live TV For Free",
             "ipa": "https://files.hollr2099.net/ipas/Surge.ipa"
             },
             {
             "image": "https://files.hollr2099.net/imgold/themoviedb.png",
             "name": "The Movie DB",
             "category": "Movie App For iOS",
             "ipa": "https://files.hollr2099.net/ipas/The%20Movie%20DB.ipa"
             },
             {
             "image": "https://files.hollr2099.net/imgold/themoviedb.png",
             "name": "The Movie DB++",
             "category": "No Ads On The Movie DB",
             "ipa": "https://files.hollr2099.net/ipas/The%20Movie%20DB%2B%2B.ipa"
             },
             {
             "image": "https://files.hollr2099.net/imgold/toonsnow.png",
             "name": "ToonsNow",
             "category": "Toons On iOS",
             "ipa": "https://files.hollr2099.net/ipas/ToonsNow.ipa"
             },
             {
             "image": "https://files.hollr2099.net/imgold/ibox.png",
             "name": "Torngat (Async)",
             "category": "iOS 11.0-11.1.2 Modifier",
             "ipa": "https://files.hollr2099.net/ipas/Torngat%20%28Async%29.ipa"
             },
             {
             "image": "https://files.hollr2099.net/imgold/ibox.png",
             "name": "Torngat (Emptylist)",
             "category": "iOS 11.0-11.3.1 Modifier",
             "ipa": "https://files.hollr2099.net/ipas/Torngat%20%28Emptylist%29.ipa"
             },
             {
             "image": "https://files.hollr2099.net/imgold/ibox.png",
             "name": "Torngat (Multipath)",
             "category": "iOS 11.0-11.3.1 Modifier",
             "ipa": "https://files.hollr2099.net/ipas/Torngat%20%28Multipath%29.ipa"
             },
             {
             "image": "https://files.hollr2099.net/imgold/tweetbot.png",
             "name": "Tweetbot4++",
             "category": "Modified Tweetbot4",
             "ipa": "https://files.hollr2099.net/ipas/Tweetbot4%2B%2B.ipa"
             },
             {
             "image": "https://files.hollr2099.net/imgold/twitch.png",
             "name": "Twitch++",
             "category": "No Ads On Twitch",
             "ipa": "https://files.hollr2099.net/ipas/Twitch%2B%2B.ipa"
             },
             {
             "image": "https://files.hollr2099.net/imgold/twitter.png",
             "name": "Twitter++",
             "category": "Modified Twitter",
             "ipa": "https://files.hollr2099.net/ipas/Twitter%2B%2B.ipa"
             },
             {
             "image": "https://files.hollr2099.net/imgold/vidiyu.png",
             "name": "Vidiyu",
             "category": "iOS 9-11 Screen Recorder",
             "ipa": "https://files.hollr2099.net/ipas/Vidiyu.ipa"
             },
             {
             "image": "https://files.hollr2099.net/imgold/vine.png",
             "name": "Vine++",
             "category": "Modified Vine",
             "ipa": "https://files.hollr2099.net/ipas/Vine%2B%2B.ipa"
             },
             {
             "image": "https://files.hollr2099.net/imgold/whatsapp.png",
             "name": "WhatsApp Watusi",
             "category": "Modifed WhatsApp",
             "ipa": "https://files.hollr2099.net/ipas/WhatsApp%20Watusi.ipa"
             },
             {
             "image": "https://files.hollr2099.net/imgold/whatsapp.png",
             "name": "WhatsApp Watusi++",
             "category": "No Ads On Watusi",
             "ipa": "https://files.hollr2099.net/ipas/WhatsApp%20Watusi%2B%2B.ipa"
             },
             {
             "image": "https://files.hollr2099.net/imgold/whatsapp.png",
             "name": "WhatsApp++",
             "category": "Modifed WhatsApp",
             "ipa": "https://files.hollr2099.net/ipas/WhatsApp%2B%2B.ipa"
             },
             {
             "image": "https://files.hollr2099.net/imgold/wnba.png",
             "name": "WNBA++",
             "category": "Modifed WNBA",
             "ipa": "https://files.hollr2099.net/ipas/WNBA%2B%2B.ipa"
             },
             {
             "image": "https://files.hollr2099.net/imgold/xcleaner.png",
             "name": "xCleaner",
             "category": "Cleanup Your iDevice",
             "ipa": "https://files.hollr2099.net/ipas/xCleaner.ipa"
             },
             {
             "image": "https://files.hollr2099.net/imgold/music.png",
             "name": "YouTube Music++",
             "category": "Free YouTube Red Music",
             "ipa": "https://files.hollr2099.net/ipas/YouTube%20Music%2B%2B.ipa"
             },
             {
             "image": "https://files.hollr2099.net/imgold/youtube.png",
             "name": "YouTube++",
             "category": "Modified YouTube",
             "ipa": "https://files.hollr2099.net/ipas/YouTube%2B%2B.ipa"
             }
]
}
